Nama Perusahaan,Nama Kapal,Ukuran Kapal (GT),Tanggal Keberangkatan,Tanggal Kedatangan,Alat Penangkapan Ikan,Jenis Ikan,Estimasi Nakhoda (kg),Volume Ril (kg),Harga Acuan Ikan per Kg (Rp),Nilai Produksi (Rp),Besar Pungutan Hasil Perikanan
5,24,133,2024-01-06,2024-11-20,1,3,41250,41679,9500,395950500,46951100
5,24,133,2024-01-06,2024-11-20,1,9,295,500,9500,4750000,46951100
5,24,133,2024-01-06,2024-11-20,1,10,97,97,17000,1649000,46951100
5,24,133,2024-01-06,2024-11-20,1,11,1980,2180,22000,47960000,46951100
5,24,133,2024-01-06,2024-11-20,1,18,1970,2259,8500,19201500,46951100
5,9,134,2023-12-20,2024-02-29,0,3,31514,31099,9500,295440500,41654750
5,9,134,2023-12-20,2024-02-29,0,9,1563,1708,9500,16226000,41654750
5,9,134,2023-12-20,2024-02-29,0,10,517,683,17000,11611000,41654750
5,9,134,2023-12-20,2024-02-29,0,11,1376,2879,22000,63338000,41654750
5,9,134,2023-12-20,2024-02-29,0,19,992,1254,8500,10659000,41654750
5,9,134,2023-12-20,2024-02-29,0,21,523,744,22000,16368000,41654750
5,9,134,2023-12-20,2024-02-29,0,16,300,415,7000,2905000,41654750
11,5,138,2023-12-27,2024-03-24,0,3,30350,35894,9500,340993000,50979850
11,5,138,2023-12-27,2024-03-24,0,9,2100,911,9500,8654500,50979850
11,5,138,2023-12-27,2024-03-24,0,11,2300,3493,22000,76846000,50979850
11,5,138,2023-12-27,2024-03-24,0,19,2000,1216,8500,10336000,50979850
11,5,138,2023-12-27,2024-03-24,0,21,1250,1861,22000,40942000,50979850
11,5,138,2023-12-27,2024-03-24,0,16,980,1780,7000,12460000,50979850
11,5,138,2023-12-27,2024-03-24,0,10,1200,1151,17000,19567000,50979850
6,4,188,2024-01-17,2024-05-03,0,21,1827,1275,22000,28050000,128974250
6,4,188,2024-01-17,2024-05-03,0,11,2680,6290,22000,138380000,128974250
6,4,188,2024-01-17,2024-05-03,0,3,84990,103525,9500,983487500,128974250
6,4,188,2024-01-17,2024-05-03,0,19,1569,10915,8500,92777500,128974250
6,4,188,2024-01-17,2024-05-03,0,9,1609,3517,9500,33411500,128974250
6,4,188,2024-01-17,2024-05-03,0,16,750,826,7000,5782000,128974250
6,4,188,2024-01-17,2024-05-03,0,10,400,462,17000,7854000,128974250
11,10,134,2024-02-02,2024-02-03,0,21,1365,1870,22000,41140000,48686050
11,10,134,2024-02-02,2024-02-03,0,11,2534,2666,22000,58652000,48686050
11,10,134,2024-02-02,2024-02-03,0,3,27382,36852,9500,350094000,48686050
11,10,134,2024-02-02,2024-02-03,0,19,1869,1574,8500,13379000,48686050
11,10,134,2024-02-02,2024-02-03,0,9,2115,1271,9500,12074500,48686050
11,10,134,2024-02-02,2024-02-03,0,16,850,893,7000,6251000,48686050
11,10,134,2024-02-02,2024-02-03,0,10,300,310,17000,5270000,48686050
5,20,129,2023-08-12,2024-04-14,0,21,1590,715,22000,15730000,52976750
5,20,129,2023-08-12,2024-04-14,0,11,5350,3519,22000,77418000,52976750
5,20,129,2023-08-12,2024-04-14,0,3,46835,42486,9500,403617000,52976750
5,20,129,2023-08-12,2024-04-14,0,19,1800,1768,8500,15028000,52976750
5,20,129,2023-08-12,2024-04-14,0,9,2785,1163,9500,11048500,52976750
5,20,129,2023-08-12,2024-04-14,0,16,300,324,7000,2268000,52976750
5,20,129,2023-08-12,2024-04-14,0,10,1605,274,17000,4658000,52976750
6,3,126,2024-02-03,2024-04-16,1,21,750,243,22000,5346000,23635400
6,3,126,2024-02-03,2024-04-16,1,11,1200,1551,22000,34122000,23635400
6,3,126,2024-02-03,2024-04-16,1,3,4670,17734,9500,168473000,23635400
6,3,126,2024-02-03,2024-04-16,1,19,584,2097,8500,17824500,23635400
6,3,126,2024-02-03,2024-04-16,1,9,625,811,9500,7704500,23635400
6,3,126,2024-02-03,2024-04-16,1,16,100,140,7000,980000,23635400
6,3,126,2024-02-03,2024-04-16,1,10,100,112,17000,1904000,23635400
6,3,126,2023-12-20,2024-03-01,1,21,3320,3353,22000,73766000,50294050
6,3,126,2023-12-20,2024-03-01,1,11,3600,3685,22000,81070000,50294050
6,3,126,2023-12-20,2024-03-01,1,3,3854,35069,9500,333155500,50294050
6,3,126,2023-12-20,2024-03-01,1,19,990,992,8500,8432000,50294050
6,3,126,2023-12-20,2024-03-01,1,17,15,16,22000,352000,50294050
6,3,126,2023-12-20,2024-03-01,1,16,87,92,7000,644000,50294050
6,3,126,2023-12-20,2024-03-01,1,10,255,213,17000,3621000,50294050
6,3,126,2023-12-20,2024-03-01,1,9,215,200,9500,1900000,50294050
6,4,188,2023-10-30,2024-09-01,0,21,2540,3072,22000,67584000,182097850
6,4,188,2023-10-30,2024-09-01,0,11,4100,19937,22000,438614000,182097850
6,4,188,2023-10-30,2024-09-01,0,3,92300,127783,9500,1213938500,182097850
6,4,188,2023-10-30,2024-09-01,0,19,2900,5857,8500,49784500,182097850
6,4,188,2023-10-30,2024-09-01,0,17,15,408,22000,8976000,182097850
6,4,188,2023-10-30,2024-09-01,0,9,2750,2229,9500,21175500,182097850
6,4,188,2023-10-30,2024-09-01,0,16,1875,1952,7000,13664000,182097850
6,4,188,2023-10-30,2024-09-01,0,10,439,426,17000,7242000,182097850
8,14,188,2023-05-12,2024-01-16,1,21,1050,1692,22000,37224000,138789150
8,14,188,2023-05-12,2024-01-16,1,11,2600,7361,22000,161942000,138789150
8,14,188,2023-05-12,2024-01-16,1,3,90600,112268,9500,1066546000,138789150
8,14,188,2023-05-12,2024-01-16,1,19,1720,6807,8500,57859500,138789150
8,14,188,2023-05-12,2024-01-16,1,9,2450,5082,9500,48279000,138789150
8,14,188,2023-05-12,2024-01-16,1,16,1220,1223,7000,8561000,138789150
8,14,188,2023-05-12,2024-01-16,1,10,456,440,17000,7480000,138789150
6,15,198,2023-06-10,2024-01-21,0,21,1705,3582,22000,78804000,119995550
6,15,198,2023-06-10,2024-01-21,0,11,1871,5843,22000,128546000,119995550
6,15,198,2023-06-10,2024-01-21,0,3,72150,79258,9500,752951000,119995550
6,15,198,2023-06-10,2024-01-21,0,19,1697,10035,8500,85297500,119995550
6,15,198,2023-06-10,2024-01-21,0,9,2248,11862,9500,112689000,119995550
6,15,198,2023-06-10,2024-01-21,0,10,1500,1579,17000,26843000,119995550
6,15,198,2023-06-10,2024-01-21,0,16,2040,2055,7000,14385000,119995550
6,15,198,2023-06-10,2024-01-21,0,17,18,20,22000,440000,119995550
11,10,134,2023-10-10,2024-01-30,0,21,1179,730,22000,16060000,59919600
11,10,134,2023-10-10,2024-01-30,0,11,2732,3240,22000,71280000,59919600
11,10,134,2023-10-10,2024-01-30,0,3,43210,45502,9500,432269000,59919600
11,10,134,2023-10-10,2024-01-30,0,19,2311,5915,8500,50277500,59919600
11,10,134,2023-10-10,2024-01-30,0,9,2954,2257,9500,21441500,59919600
11,10,134,2023-10-10,2024-01-30,0,16,550,534,7000,3738000,59919600
11,10,134,2023-10-10,2024-01-30,0,17,56,44,22000,968000,59919600
11,10,134,2023-10-10,2024-01-30,0,10,190,186,17000,3162000,59919600
8,11,158,2023-09-12,2024-01-18,1,21,1055,1209,22000,26598000,133434100
8,11,158,2023-09-12,2024-01-18,1,11,7326,7443,22000,163746000,133434100
8,11,158,2023-09-12,2024-01-18,1,3,104200,106116,9500,1008102000,133434100
8,11,158,2023-09-12,2024-01-18,1,19,11208,12957,8500,110134500,133434100
8,11,158,2023-09-12,2024-01-18,1,16,764,881,7000,6167000,133434100
8,11,158,2023-09-12,2024-01-18,1,9,1610,1695,9500,16102500,133434100
8,11,158,2023-09-12,2024-01-18,1,17,5,8,22000,176000,133434100
8,11,158,2023-09-12,2024-01-18,1,10,180,195,17000,3315000,133434100
2,13,148,2024-02-16,2024-03-23,0,11,4350,3182,22000,70004000,60425450
2,13,148,2024-02-16,2024-03-23,0,3,45650,51596,9500,490162000,60425450
2,13,148,2024-02-16,2024-03-23,0,21,780,786,22000,17292000,60425450
2,13,148,2024-02-16,2024-03-23,0,18,2100,2145,8500,18232500,60425450
2,13,148,2024-02-16,2024-03-23,0,9,785,692,9500,6574000,60425450
2,13,148,2024-02-16,2024-03-23,0,16,135,192,7000,1344000,60425450
2,13,148,2024-02-16,2024-03-23,0,10,45,38,17000,646000,60425450
10,16,95,2024-02-16,2024-03-23,1,11,200,215,22000,4730000,8177600
10,16,95,2024-02-16,2024-03-23,1,3,7320,7815,9500,74242500,8177600
10,16,95,2024-02-16,2024-03-23,1,21,60,57,22000,1254000,8177600
10,16,95,2024-02-16,2024-03-23,1,9,76,62,9500,589000,8177600
10,16,95,2024-02-16,2024-03-23,1,18,120,113,8500,960500,8177600
8,14,188,2024-02-16,2024-03-23,1,21,2300,2167,22000,47674000,71837300
8,14,188,2024-02-16,2024-03-23,1,11,3100,4761,22000,104742000,71837300
8,14,188,2024-02-16,2024-03-23,1,3,50050,56907,9500,540616500,71837300
8,14,188,2024-02-16,2024-03-23,1,19,1350,1931,8500,16413500,71837300
8,14,188,2024-02-16,2024-03-23,1,9,1200,414,9500,3933000,71837300
8,14,188,2024-02-16,2024-03-23,1,16,280,303,7000,2121000,71837300
8,14,188,2024-02-16,2024-03-23,1,10,170,169,17000,2873000,71837300
4,18,149,2024-02-16,2024-03-23,0,21,2800,2505,22000,55110000,75470350
4,18,149,2024-02-16,2024-03-23,0,11,5000,4917,22000,108174000,75470350
4,18,149,2024-02-16,2024-03-23,0,3,55200,60152,9500,571444000,75470350
4,18,149,2024-02-16,2024-03-23,0,18,1700,1610,8500,13685000,75470350
4,18,149,2024-02-16,2024-03-23,0,9,285,301,9500,2859500,75470350
4,18,149,2024-02-16,2024-03-23,0,16,251,257,7000,1799000,75470350
4,18,149,2024-02-16,2024-03-23,0,10,90,96,17000,1632000,75470350
6,3,126,2023-12-31,2024-04-17,1,3,34000,33066,9500,314127000,39461050
6,3,126,2023-12-31,2024-04-17,1,19,1856,2516,8500,21386000,39461050
6,3,126,2023-12-31,2024-04-17,1,16,15,21,7000,147000,39461050
6,3,126,2023-12-31,2024-04-17,1,9,756,645,9500,6127500,39461050
6,3,126,2023-12-31,2024-04-17,1,10,40,35,17000,595000,39461050
6,3,126,2023-12-31,2024-04-17,1,11,1750,1870,22000,41140000,39461050
6,3,126,2023-12-31,2024-04-17,1,21,453,504,22000,11088000,39461050
5,24,133,2023-12-31,2024-04-17,1,21,550,554,22000,12188000,30244950
5,24,133,2023-12-31,2024-04-17,1,11,2200,2356,22000,51832000,30244950
5,24,133,2023-12-31,2024-04-17,1,3,25156,24629,9500,233975500,30244950
5,24,133,2023-12-31,2024-04-17,1,16,140,136,7000,952000,30244950
5,24,133,2023-12-31,2024-04-17,1,10,257,206,17000,3502000,30244950
11,10,134,2023-12-31,2024-04-17,0,21,350,358,22000,7876000,20651700
11,10,134,2023-12-31,2024-04-17,0,11,1380,1375,22000,30250000,20651700
11,10,134,2023-12-31,2024-04-17,0,3,15437,15223,9500,144618500,20651700
11,10,134,2023-12-31,2024-04-17,0,19,1800,1711,8500,14543500,20651700
11,10,134,2023-12-31,2024-04-17,0,10,145,126,17000,2142000,20651700
11,10,134,2023-12-31,2024-04-17,0,9,879,746,9500,7087000,20651700
5,24,133,2023-12-28,2024-05-28,1,3,44035,53073,9500,504193500,59115650
5,24,133,2023-12-28,2024-05-28,1,9,1625,1627,9500,15456500,59115650
5,24,133,2023-12-28,2024-05-28,1,10,90,90,17000,1530000,59115650
5,24,133,2023-12-28,2024-05-28,1,11,1820,2024,22000,44528000,59115650
5,24,133,2023-12-28,2024-05-28,1,19,886,781,8500,6638500,59115650
5,24,133,2023-12-28,2024-05-28,1,21,960,855,22000,18810000,59115650
11,5,138,2024-11-05,2024-05-20,0,11,1250,1029,22000,22638000,37984150
11,5,138,2024-11-05,2024-05-20,0,3,33780,35925,9500,341287500,37984150
11,5,138,2024-11-05,2024-05-20,0,10,80,120,17000,2040000,37984150
11,5,138,2024-11-05,2024-05-20,0,9,650,657,9500,6241500,37984150
11,5,138,2024-11-05,2024-05-20,0,19,345,257,8500,2184500,37984150
11,5,138,2024-11-05,2024-05-20,0,16,80,84,7000,588000,37984150
11,5,138,2024-11-05,2024-05-20,0,21,190,221,22000,4862000,37984150
11,10,134,2024-11-05,2024-05-20,0,3,43650,14278,9500,135641000,15304800
11,10,134,2024-11-05,2024-05-20,0,11,1450,631,22000,13882000,15304800
11,10,134,2024-11-05,2024-05-20,0,21,89,93,22000,2046000,15304800
11,10,134,2024-11-05,2024-05-20,0,10,130,87,17000,1479000,15304800
5,9,134,2024-04-25,2024-05-05,0,3,33850,33602,9500,319219000,40570550
5,9,134,2024-04-25,2024-05-05,0,19,700,722,8500,6137000,40570550
5,9,134,2024-04-25,2024-05-05,0,16,650,559,7000,3913000,40570550
5,9,134,2024-04-25,2024-05-05,0,9,1900,1389,9500,13195500,40570550
5,9,134,2024-04-25,2024-05-05,0,10,120,191,17000,3247000,40570550
5,9,134,2024-04-25,2024-05-05,0,11,1790,2636,22000,57992000,40570550
5,9,134,2024-04-25,2024-05-05,0,21,60,53,22000,1166000,40570550
5,9,134,2024-04-25,2024-05-05,0,17,45,38,22000,836000,40570550
5,24,133,2024-04-25,2024-05-05,1,3,28200,29371,9500,279024500,35386750
5,24,133,2024-04-25,2024-05-05,1,19,1530,679,8500,5771500,35386750
5,24,133,2024-04-25,2024-05-05,1,16,450,549,7000,3843000,35386750
5,24,133,2024-04-25,2024-05-05,1,9,1000,1028,9500,9766000,35386750
5,24,133,2024-04-25,2024-05-05,1,10,80,175,17000,2975000,35386750
5,24,133,2024-04-25,2024-05-05,1,11,1868,1923,22000,42306000,35386750
5,24,133,2024-04-25,2024-05-05,1,21,432,357,22000,7854000,35386750
5,24,133,2024-04-25,2024-05-05,1,17,15,25,22000,550000,35386750
5,24,133,2024-04-25,2024-05-05,1,7,78,79,22500,1777500,35386750
5,15,198,2024-04-25,2024-05-05,0,3,8100,8521,9500,80949500,10177450
5,15,198,2024-04-25,2024-05-05,0,19,200,211,8500,1793500,10177450
5,15,198,2024-04-25,2024-05-05,0,16,80,287,7000,2009000,10177450
5,15,198,2024-04-25,2024-05-05,0,9,345,261,9500,2479500,10177450
5,15,198,2024-04-25,2024-05-05,0,10,150,35,17000,595000,10177450
5,15,198,2024-04-25,2024-05-05,0,11,432,538,22000,11836000,10177450
5,15,198,2024-04-25,2024-05-05,0,21,90,96,22000,2112000,10177450
8,11,158,2024-09-05,2024-07-06,1,21,2000,908,22000,19976000,41128750
8,11,158,2024-09-05,2024-07-06,1,11,300,1907,22000,41954000,41128750
8,11,158,2024-09-05,2024-07-06,1,3,36000,35202,9500,334419000,41128750
8,11,158,2024-09-05,2024-07-06,1,19,1500,1481,8500,12588500,41128750
8,11,158,2024-09-05,2024-07-06,1,16,400,105,7000,735000,41128750
8,11,158,2024-09-05,2024-07-06,1,10,200,95,17000,1615000,41128750
8,14,188,2024-09-05,2024-07-06,1,21,3000,2932,22000,64504000,60461350
8,14,188,2024-09-05,2024-07-06,1,11,500,829,22000,18238000,60461350
8,14,188,2024-09-05,2024-07-06,1,3,51000,51348,9500,487806000,60461350
8,14,188,2024-09-05,2024-07-06,1,19,1500,1688,8500,14348000,60461350
8,14,188,2024-09-05,2024-07-06,1,20,200,155,8500,1317500,60461350
8,14,188,2024-09-05,2024-07-06,1,16,700,712,7000,4984000,60461350
8,14,188,2024-09-05,2024-07-06,1,10,300,322,17000,5474000,60461350
8,14,188,2024-09-05,2024-07-06,1,9,800,836,9500,7942000,60461350
6,4,188,2024-09-05,2024-07-06,0,21,1000,1052,22000,23144000,23887970
6,4,188,2024-09-05,2024-07-06,0,11,2500,2510,22000,55220000,23887970
6,4,188,2024-09-05,2024-07-06,0,3,16000,16003,9500,152028500,23887970
6,4,188,2024-09-05,2024-07-06,0,10,200,310,17000,5270000,23887970
6,4,188,2024-09-05,2024-07-06,0,16,100,108,7000,756000,23887970
6,4,188,2024-09-05,2024-07-06,0,7,50,56,22500,1260000,23887970
6,4,188,2024-09-05,2024-07-06,0,5,150,154,7800,1201200,23887970
4,18,149,2024-09-05,2024-07-06,0,21,3500,1240,22000,27280000,64362000
4,18,149,2024-09-05,2024-07-06,0,11,500,3010,22000,66220000,64362000
4,18,149,2024-09-05,2024-07-06,0,3,54000,53455,9500,507822500,64362000
4,18,149,2024-09-05,2024-07-06,0,19,2000,2376,8500,20196000,64362000
4,18,149,2024-09-05,2024-07-06,0,16,600,803,7000,5621000,64362000
4,18,149,2024-09-05,2024-07-06,0,10,100,495,17000,8415000,64362000
4,18,149,2024-09-05,2024-07-06,0,9,1000,849,9500,8065500,64362000
10,16,95,2024-09-05,2024-07-06,1,21,1500,1280,22000,28160000,19885300
10,16,95,2024-09-05,2024-07-06,1,11,200,405,22000,8910000,19885300
10,16,95,2024-09-05,2024-07-06,1,3,15000,15101,9500,143459500,19885300
10,16,95,2024-09-05,2024-07-06,1,19,1000,987,8500,8389500,19885300
10,16,95,2024-09-05,2024-07-06,1,16,200,461,7000,3227000,19885300
10,16,95,2024-09-05,2024-07-06,1,9,700,706,9500,6707000,19885300
5,9,134,2024-05-31,2024-12-06,0,3,27655,26186,9500,248767000,39259900
5,9,134,2024-05-31,2024-12-06,0,11,2250,2146,22000,47212000,39259900
5,9,134,2024-05-31,2024-12-06,0,21,500,504,22000,11088000,39259900
5,9,134,2024-05-31,2024-12-06,0,9,2000,1925,9500,18287500,39259900
5,9,134,2024-05-31,2024-12-06,0,19,6500,6879,8500,58471500,39259900
5,9,134,2024-05-31,2024-12-06,0,16,850,515,7000,3605000,39259900
5,9,134,2024-05-31,2024-12-06,0,10,275,304,17000,5168000,39259900
5,20,129,2024-05-31,2024-12-06,0,21,540,520,22000,11440000,41973150
5,20,129,2024-05-31,2024-12-06,0,11,3000,1515,22000,33330000,41973150
5,20,129,2024-05-31,2024-12-06,0,3,38620,38705,9500,367697500,41973150
5,20,129,2024-05-31,2024-12-06,0,9,453,478,9500,4541000,41973150
5,20,129,2024-05-31,2024-12-06,0,16,345,389,7000,2723000,41973150
6,3,126,2024-04-20,2024-06-20,1,21,200,557,22000,12254000,61490850
6,3,126,2024-04-20,2024-06-20,1,11,700,3385,22000,74470000,61490850
6,3,126,2024-04-20,2024-06-20,1,3,51500,52384,9500,497648000,61490850
6,3,126,2024-04-20,2024-06-20,1,19,300,2121,8500,18028500,61490850
6,3,126,2024-04-20,2024-06-20,1,10,200,244,17000,4148000,61490850
6,3,126,2024-04-20,2024-06-20,1,9,765,880,9500,8360000,61490850
6,15,198,2024-03-18,2024-06-22,0,21,1000,1277,22000,28094000,137498750
6,15,198,2024-03-18,2024-06-22,0,11,7000,5307,22000,116754000,137498750
6,15,198,2024-03-18,2024-06-22,0,3,115000,121541,9500,1154639500,137498750
6,15,198,2024-03-18,2024-06-22,0,18,9000,6152,8500,52292000,137498750
6,15,198,2024-03-18,2024-06-22,0,16,500,778,7000,5446000,137498750
6,15,198,2024-03-18,2024-06-22,0,10,300,163,17000,2771000,137498750
6,15,198,2024-03-18,2024-06-22,0,9,1000,1578,9500,14991000,137498750
1,6,149,2024-03-24,2024-06-24,0,21,825,846,22000,18612000,81232150
1,6,149,2024-03-24,2024-06-24,0,11,1655,2320,22000,51040000,81232150
1,6,149,2024-03-24,2024-06-24,0,3,72527,75441,9500,716689500,81232150
1,6,149,2024-03-24,2024-06-24,0,19,550,1459,8500,12401500,81232150
1,6,149,2024-03-24,2024-06-24,0,10,95,160,17000,2720000,81232150
1,6,149,2024-03-24,2024-06-24,0,9,1021,1143,9500,10858500,81232150
11,10,134,2024-07-03,2024-06-26,0,21,572,659,22000,14498000,43517550
11,10,134,2024-07-03,2024-06-26,0,11,1370,1535,22000,33770000,43517550
11,10,134,2024-07-03,2024-06-26,0,3,34871,38650,9500,367175000,43517550
11,10,134,2024-07-03,2024-06-26,0,19,655,715,8500,6077500,43517550
11,10,134,2024-07-03,2024-06-26,0,10,83,155,17000,2635000,43517550
11,10,134,2024-07-03,2024-06-26,0,9,1086,1160,9500,11020000,43517550
5,20,129,2024-06-19,2024-06-30,0,21,400,410,22000,9020000,21647450
5,20,129,2024-06-19,2024-06-30,0,11,600,625,22000,13750000,21647450
5,20,129,2024-06-19,2024-06-30,0,3,18200,18670,9500,177365000,21647450
5,20,129,2024-06-19,2024-06-30,0,19,1500,1530,8500,13005000,21647450
5,20,129,2024-06-19,2024-06-30,0,9,300,351,9500,3334500,21647450
5,24,133,2024-06-19,2024-06-30,1,21,500,510,22000,11220000,20006800
5,24,133,2024-06-19,2024-06-30,1,11,500,600,22000,13200000,20006800
5,24,133,2024-06-19,2024-06-30,1,3,15700,16314,9500,154983000,20006800
5,24,133,2024-06-19,2024-06-30,1,19,1500,1504,8500,12784000,20006800
5,24,133,2024-06-19,2024-06-30,1,16,400,411,7000,2877000,20006800
5,24,133,2024-06-19,2024-06-30,1,10,100,120,17000,2040000,20006800
5,24,133,2024-06-19,2024-06-30,1,9,300,312,9500,2964000,20006800
5,9,134,2024-06-19,2024-06-30,0,3,35100,36144,9500,343368000,40891800
5,9,134,2024-06-19,2024-06-30,0,11,1200,1200,22000,26400000,40891800
5,9,134,2024-06-19,2024-06-30,0,21,500,500,22000,11000000,40891800
5,9,134,2024-06-19,2024-06-30,0,9,400,400,9500,3800000,40891800
5,9,134,2024-06-19,2024-06-30,0,19,2500,2500,8500,21250000,40891800
5,9,134,2024-06-19,2024-06-30,0,16,200,200,7000,1400000,40891800
5,9,134,2024-06-19,2024-06-30,0,10,100,100,17000,1700000,40891800
5,25,86,2024-10-31,2024-12-28,2,11,310,315,22000,6930000,8120350
5,25,86,2024-10-31,2024-12-28,2,7,265,270,22500,6075000,8120350
5,25,86,2024-10-31,2024-12-28,2,3,1450,1500,9500,14250000,8120350
5,25,86,2024-10-31,2024-12-28,2,14,1805,1820,21100,38402000,8120350
5,25,86,2024-10-31,2024-12-28,2,6,810,815,11500,9372500,8120350
5,25,86,2024-10-31,2024-12-28,2,17,160,165,22000,3630000,8120350
5,25,86,2024-10-31,2024-12-28,2,12,210,212,12000,2544000,8120350
1,6,149,2024-09-18,2024-12-21,0,21,450,531,22000,11682000,73570550
1,6,149,2024-09-18,2024-12-21,0,11,4400,4611,22000,101442000,73570550
1,6,149,2024-09-18,2024-12-21,0,3,62000,63671,9500,604874500,73570550
1,6,149,2024-09-18,2024-12-21,0,18,480,508,8500,4318000,73570550
1,6,149,2024-09-18,2024-12-21,0,16,480,542,7000,3794000,73570550
1,6,149,2024-09-18,2024-12-21,0,9,950,1010,9500,9595000,73570550
6,15,198,2024-12-10,2024-12-25,0,11,6000,6221,22000,136862000,100284000
6,15,198,2024-12-10,2024-12-25,0,3,88000,88482,9500,840579000,100284000
6,15,198,2024-12-10,2024-12-25,0,18,500,601,8500,5108500,100284000
6,15,198,2024-12-10,2024-12-25,0,16,500,897,7000,6279000,100284000
6,15,198,2024-12-10,2024-12-25,0,10,200,257,17000,4369000,100284000
6,15,198,2024-12-10,2024-12-25,0,9,1000,1015,9500,9642500,100284000
0,22,70,2024-05-12,2024-12-16,2,11,70,76,22000,1672000,676200
0,22,70,2024-05-12,2024-12-16,2,21,135,141,22000,3102000,676200
0,22,70,2024-05-12,2024-12-16,2,22,67,71,28000,1988000,676200
5,22,58,2024-12-12,2024-12-25,2,11,215,217,22000,4774000,1723200
5,22,58,2024-12-12,2024-12-25,2,21,1200,1263,22000,27786000,1723200
5,22,58,2024-12-12,2024-12-25,2,22,58,68,28000,1904000,1723200
6,3,126,2024-11-29,2024-12-13,1,21,300,322,22000,7084000,13332400
6,3,126,2024-11-29,2024-12-13,1,11,2000,2122,22000,46684000,13332400
6,3,126,2024-11-29,2024-12-13,1,3,7500,7755,9500,73672500,13332400
6,3,126,2024-11-29,2024-12-13,1,16,235,245,7000,1715000,13332400
6,3,126,2024-11-29,2024-12-13,1,10,100,115,17000,1955000,13332400
6,3,126,2024-11-29,2024-12-13,1,9,200,233,9500,2213500,13332400
9,17,173,2024-11-29,2024-12-13,1,21,100,156,22000,3432000,33319400
9,17,173,2024-11-29,2024-12-13,1,11,2500,2621,22000,57662000,33319400
9,17,173,2024-11-29,2024-12-13,1,3,28000,28156,9500,267482000,33319400
9,17,173,2024-11-29,2024-12-13,1,16,200,220,7000,1540000,33319400
9,17,173,2024-11-29,2024-12-13,1,10,100,114,17000,1938000,33319400
9,17,173,2024-11-29,2024-12-13,1,9,100,120,9500,1140000,33319400
9,19,181,2024-11-29,2024-12-13,1,21,900,926,22000,20372000,24012300
9,19,181,2024-11-29,2024-12-13,1,11,1500,1557,22000,34254000,24012300
9,19,181,2024-11-29,2024-12-13,1,3,18000,18079,9500,171750500,24012300
9,19,181,2024-11-29,2024-12-13,1,16,700,744,7000,5208000,24012300
9,19,181,2024-11-29,2024-12-13,1,10,400,438,17000,7446000,24012300
9,19,181,2024-11-29,2024-12-13,1,9,1000,115,9500,1092500,24012300
11,5,138,2024-11-29,2024-12-13,0,21,200,209,22000,4598000,15168100
11,5,138,2024-11-29,2024-12-13,0,11,3000,3125,22000,68750000,15168100
11,5,138,2024-11-29,2024-12-13,0,3,5500,5943,9500,56458500,15168100
11,5,138,2024-11-29,2024-12-13,0,16,500,523,7000,3661000,15168100
11,5,138,2024-11-29,2024-12-13,0,10,1000,1006,17000,17102000,15168100
11,5,138,2024-11-29,2024-12-13,0,9,100,117,9500,1111500,15168100
0,22,70,2024-11-29,2024-12-13,2,21,235,243,22000,5346000,6248150
0,22,70,2024-11-29,2024-12-13,2,14,1350,1372,21100,28949200,6248150
0,22,70,2024-11-29,2024-12-13,2,6,1200,1327,11500,15260500,6248150
0,22,70,2024-11-29,2024-12-13,2,17,375,381,22000,8382000,6248150
0,22,70,2024-11-29,2024-12-13,2,1,130,159,20200,3211800,6248150
0,22,70,2024-11-29,2024-12-13,2,12,100,111,12000,1332000,6248150
5,21,58,2024-11-29,2024-12-13,2,11,250,459,22000,10098000,2292685
5,21,58,2024-11-29,2024-12-13,2,14,1050,1165,21100,24581500,2292685
5,21,58,2024-11-29,2024-12-13,2,17,150,163,22000,3586000,2292685
5,21,58,2024-11-29,2024-12-13,2,1,250,261,20200,5272200,2292685
5,21,58,2024-11-29,2024-12-13,2,12,175,193,12000,2316000,2292685
6,4,188,2024-06-14,2024-07-19,0,3,46100,46177,9500,438681500,55973250
6,4,188,2024-06-14,2024-07-19,0,11,4850,4850,22000,106700000,55973250
6,4,188,2024-06-14,2024-07-19,0,21,150,231,22000,5082000,55973250
6,4,188,2024-06-14,2024-07-19,0,9,100,902,9500,8569000,55973250
6,4,188,2024-06-14,2024-07-19,0,16,100,100,7000,700000,55973250
7,8,196,2024-06-14,2024-07-19,0,3,46500,45700,9500,434150000,46516850
7,8,196,2024-06-14,2024-07-19,0,11,750,837,22000,18414000,46516850
7,8,196,2024-06-14,2024-07-19,0,21,250,401,22000,8822000,46516850
7,8,196,2024-06-14,2024-07-19,0,18,210,215,8500,1827500,46516850
7,8,196,2024-06-14,2024-07-19,0,10,100,115,17000,1955000,46516850
8,11,158,2024-06-14,2024-07-19,1,3,41500,41638,9500,395561000,54838900
8,11,158,2024-06-14,2024-07-19,1,11,3300,3754,22000,82588000,54838900
8,11,158,2024-06-14,2024-07-19,1,21,200,393,22000,8646000,54838900
8,11,158,2024-06-14,2024-07-19,1,9,950,1452,9500,13794000,54838900
8,11,158,2024-06-14,2024-07-19,1,19,3500,5278,8500,44863000,54838900
8,11,158,2024-06-14,2024-07-19,1,16,150,235,7000,1645000,54838900
8,11,158,2024-06-14,2024-07-19,1,10,100,76,17000,1292000,54838900
10,16,95,2024-06-14,2024-07-19,1,21,250,250,22000,5500000,39547100
10,16,95,2024-06-14,2024-07-19,1,11,1250,1309,22000,28798000,39547100
10,16,95,2024-06-14,2024-07-19,1,3,37200,37166,9500,353077000,39547100
10,16,95,2024-06-14,2024-07-19,1,16,150,159,7000,1113000,39547100
10,16,95,2024-06-14,2024-07-19,1,10,300,299,17000,5083000,39547100
10,16,95,2024-06-14,2024-07-19,1,23,150,200,9500,1900000,39547100
4,18,149,2024-06-14,2024-07-19,0,3,4600,4642,9500,44099000,6688600
4,18,149,2024-06-14,2024-07-19,0,11,850,150,22000,3300000,6688600
4,18,149,2024-06-14,2024-07-19,0,21,150,853,22000,18766000,6688600
4,18,149,2024-06-14,2024-07-19,0,16,100,103,7000,721000,6688600
8,14,188,2024-08-04,2024-07-16,1,21,2650,1165,22000,25630000,101217700
8,14,188,2024-08-04,2024-07-16,1,11,2650,4429,22000,97438000,101217700
8,14,188,2024-08-04,2024-07-16,1,3,76000,86832,9500,824904000,101217700
8,14,188,2024-08-04,2024-07-16,1,19,5000,5518,8500,46903000,101217700
8,14,188,2024-08-04,2024-07-16,1,16,500,567,7000,3969000,101217700
8,14,188,2024-08-04,2024-07-16,1,10,200,202,17000,3434000,101217700
8,14,188,2024-08-04,2024-07-16,1,9,800,1042,9500,9899000,101217700
6,4,188,2024-04-06,2024-07-25,0,21,1100,481,22000,10582000,122952850
6,4,188,2024-04-06,2024-07-25,0,11,2100,4574,22000,100628000,122952850
6,4,188,2024-04-06,2024-07-25,0,3,104500,109523,9500,1040468500,122952850
6,4,188,2024-04-06,2024-07-25,0,19,1000,7827,8500,66529500,122952850
6,4,188,2024-04-06,2024-07-25,0,9,1300,411,9500,3904500,122952850
6,4,188,2024-04-06,2024-07-25,0,16,186,190,7000,1330000,122952850
6,4,188,2024-04-06,2024-07-25,0,10,340,358,17000,6086000,122952850
5,9,134,2024-07-17,2024-07-27,0,21,50,1581,22000,34782000,26095900
5,9,134,2024-07-17,2024-07-27,0,11,1850,256,22000,5632000,26095900
5,9,134,2024-07-17,2024-07-27,0,3,24000,21406,9500,203357000,26095900
5,9,134,2024-07-17,2024-07-27,0,19,1350,1553,8500,13200500,26095900
5,9,134,2024-07-17,2024-07-27,0,16,100,158,7000,1106000,26095900
5,9,134,2024-07-17,2024-07-27,0,10,100,103,17000,1751000,26095900
5,9,134,2024-07-17,2024-07-27,0,9,100,119,9500,1130500,26095900
5,20,129,2024-07-17,2024-07-27,0,21,50,1471,22000,32362000,29086600
5,20,129,2024-07-17,2024-07-27,0,11,1800,512,22000,11264000,29086600
5,20,129,2024-07-17,2024-07-27,0,3,21450,24662,9500,234289000,29086600
5,20,129,2024-07-17,2024-07-27,0,19,1550,1424,8500,12104000,29086600
5,20,129,2024-07-17,2024-07-27,0,16,150,121,7000,847000,29086600
5,24,133,2024-07-17,2024-07-27,1,3,25000,23195,9500,220352500,31590200
5,24,133,2024-07-17,2024-07-27,1,11,2000,941,22000,20702000,31590200
5,24,133,2024-07-17,2024-07-27,1,21,100,1601,22000,35222000,31590200
5,24,133,2024-07-17,2024-07-27,1,9,400,1922,9500,18259000,31590200
5,24,133,2024-07-17,2024-07-27,1,19,2250,2293,8500,19490500,31590200
5,24,133,2024-07-17,2024-07-27,1,16,100,115,7000,805000,31590200
5,24,133,2024-07-17,2024-07-27,1,10,50,63,17000,1071000,31590200
5,9,134,2024-04-07,2024-07-14,0,11,2000,1912,22000,42064000,30809200
5,9,134,2024-04-07,2024-07-14,0,3,25000,23340,9500,221730000,30809200
5,9,134,2024-04-07,2024-07-14,0,21,500,428,22000,9416000,30809200
5,9,134,2024-04-07,2024-07-14,0,9,1000,1010,9500,9595000,30809200
5,9,134,2024-04-07,2024-07-14,0,19,2500,2538,8500,21573000,30809200
5,9,134,2024-04-07,2024-07-14,0,16,150,159,7000,1113000,30809200
5,9,134,2024-04-07,2024-07-14,0,10,150,153,17000,2601000,30809200
5,24,133,2024-04-07,2024-07-14,1,3,20,20149,9500,191415500,21004950
5,24,133,2024-04-07,2024-07-14,1,11,500,534,22000,11748000,21004950
5,24,133,2024-04-07,2024-07-14,1,21,326,313,22000,6886000,21004950
5,20,129,2024-04-07,2024-07-14,0,11,1500,1515,22000,33330000,29542750
5,20,129,2024-04-07,2024-07-14,0,3,24100,24202,9500,229919000,29542750
5,20,129,2024-04-07,2024-07-14,0,19,2750,2877,8500,24454500,29542750
5,20,129,2024-04-07,2024-07-14,0,16,250,262,7000,1834000,29542750
5,20,129,2024-04-07,2024-07-14,0,9,600,620,9500,5890000,29542750
5,9,134,2024-03-19,2024-11-14,0,21,95,126,22000,2772000,43283100
5,9,134,2024-03-19,2024-11-14,0,11,1700,1896,22000,41712000,43283100
5,9,134,2024-03-19,2024-11-14,0,3,38830,39448,9500,374756000,43283100
5,9,134,2024-03-19,2024-11-14,0,18,980,1255,8500,10667500,43283100
5,9,134,2024-03-19,2024-11-14,0,16,47,89,7000,623000,43283100
5,9,134,2024-03-19,2024-11-14,0,10,45,61,17000,1037000,43283100
5,9,134,2024-03-19,2024-11-14,0,9,92,133,9500,1263500,43283100
0,22,70,2024-10-18,2024-01-11,2,11,205,206,22000,4532000,732600
0,22,70,2024-10-18,2024-01-11,2,21,140,127,22000,2794000,732600
5,21,58,2024-10-18,2024-01-11,2,11,132,125,22000,2750000,794200
5,21,58,2024-10-18,2024-01-11,2,21,600,597,22000,13134000,794200
5,21,58,2024-10-25,2024-06-11,2,21,70,76,22000,1672000,177400
5,21,58,2024-10-25,2024-06-11,2,22,70,67,28000,1876000,177400
0,22,70,2024-10-25,2024-06-11,2,11,70,64,22000,1408000,1777400
0,22,70,2024-10-25,2024-06-11,2,21,445,427,22000,9394000,1777400
0,22,70,2024-10-25,2024-06-11,2,22,278,249,28000,6972000,1777400
7,8,196,2024-04-10,2024-03-11,0,3,73000,73303,9500,696378500,81259600
7,8,196,2024-04-10,2024-03-11,0,11,1800,1834,22000,40348000,81259600
7,8,196,2024-04-10,2024-03-11,0,21,1200,1300,22000,28600000,81259600
7,8,196,2024-04-10,2024-03-11,0,9,2000,2075,9500,19712500,81259600
7,8,196,2024-04-10,2024-03-11,0,18,2200,2318,8500,19703000,81259600
7,8,196,2024-04-10,2024-03-11,0,10,450,462,17000,7854000,81259600
10,16,95,2024-04-10,2024-03-11,1,21,100,130,22000,2860000,23472050
10,16,95,2024-04-10,2024-03-11,1,11,1000,1070,22000,23540000,23472050
10,16,95,2024-04-10,2024-03-11,1,3,20000,20315,9500,192992500,23472050
10,16,95,2024-04-10,2024-03-11,1,18,600,726,8500,6171000,23472050
10,16,95,2024-04-10,2024-03-11,1,10,100,124,17000,2108000,23472050
10,16,95,2024-04-10,2024-03-11,1,9,700,742,9500,7049000,23472050
7,7,207,2024-04-10,2024-03-11,0,3,75000,73716,9500,700302000,86940250
7,7,207,2024-04-10,2024-03-11,0,11,2500,3803,22000,83666000,86940250
7,7,207,2024-04-10,2024-03-11,0,21,1000,1259,22000,27698000,86940250
7,7,207,2024-04-10,2024-03-11,0,18,2600,2978,8500,25313000,86940250
7,7,207,2024-04-10,2024-03-11,0,10,200,228,17000,3876000,86940250
7,7,207,2024-04-10,2024-03-11,0,9,2600,3005,9500,28547500,86940250
8,14,188,2024-09-10,2024-11-16,1,21,500,600,22000,13200000,75141600
8,14,188,2024-09-10,2024-11-16,1,11,2000,2144,22000,47168000,75141600
8,14,188,2024-09-10,2024-11-16,1,3,68000,68093,9500,646883500,75141600
8,14,188,2024-09-10,2024-11-16,1,18,1500,1596,8500,13566000,75141600
8,14,188,2024-09-10,2024-11-16,1,16,300,336,7000,2352000,75141600
8,14,188,2024-09-10,2024-11-16,1,10,500,521,17000,8857000,75141600
8,14,188,2024-09-10,2024-11-16,1,9,2000,2041,9500,19389500,75141600
8,11,158,2024-09-10,2024-11-16,1,21,1000,1115,22000,24530000,87313350
8,11,158,2024-09-10,2024-11-16,1,11,1000,2223,22000,48906000,87313350
8,11,158,2024-09-10,2024-11-16,1,3,65000,77014,9500,731633000,87313350
8,11,158,2024-09-10,2024-11-16,1,18,1500,2424,8500,20604000,87313350
8,11,158,2024-09-10,2024-11-16,1,16,300,511,7000,3577000,87313350
8,11,158,2024-09-10,2024-11-16,1,10,200,502,17000,8534000,87313350
8,11,158,2024-09-10,2024-11-16,1,9,2000,3721,9500,35349500,87313350
10,16,95,2024-09-10,2024-11-16,1,11,500,542,22000,11924000,14528700
10,16,95,2024-09-10,2024-11-16,1,3,10000,10453,9500,99303500,14528700
10,16,95,2024-09-10,2024-11-16,1,18,300,426,8500,3621000,14528700
10,16,95,2024-09-10,2024-11-16,1,10,50,52,17000,884000,14528700
10,16,95,2024-09-10,2024-11-16,1,9,3000,3111,9500,29554500,14528700
10,12,198,2024-09-10,2024-11-16,0,21,800,830,22000,18260000,67540500
10,12,198,2024-09-10,2024-11-16,0,11,2000,2015,22000,44330000,67540500
10,12,198,2024-09-10,2024-11-16,0,3,61000,61277,9500,582131500,67540500
10,12,198,2024-09-10,2024-11-16,0,16,200,212,7000,1484000,67540500
10,12,198,2024-09-10,2024-11-16,0,10,300,311,17000,5287000,67540500
10,12,198,2024-09-10,2024-11-16,0,9,1500,1532,9500,14554000,67540500
10,12,198,2024-09-10,2024-11-16,0,18,1000,1101,8500,9358500,67540500
7,7,207,2024-09-10,2024-11-16,0,3,5800,6143,9500,58358500,7855100
7,7,207,2024-09-10,2024-11-16,0,11,500,615,22000,13530000,7855100
7,7,207,2024-09-10,2024-11-16,0,18,200,235,8500,1997500,7855100
7,7,207,2024-09-10,2024-11-16,0,9,200,278,9500,2641000,7855100
7,7,207,2024-09-10,2024-11-16,0,16,50,73,7000,511000,7855100
7,7,207,2024-09-10,2024-11-16,0,10,80,89,17000,1513000,7855100
0,22,70,2024-11-20,2024-11-30,2,11,150,157,22000,3454000,692450
0,22,70,2024-11-20,2024-11-30,2,21,135,124,22000,2728000,692450
0,22,70,2024-11-20,2024-11-30,2,7,45,33,22500,742500,692450
5,21,58,2024-11-20,2024-11-30,2,11,100,95,22000,2090000,576400
5,21,58,2024-11-20,2024-11-30,2,21,430,429,22000,9438000,576400
5,21,58,2024-11-13,2024-11-22,2,11,150,143,22000,3146000,1229900
5,21,58,2024-11-13,2024-11-22,2,21,540,508,22000,11176000,1229900
5,21,58,2024-11-13,2024-11-22,2,22,400,367,28000,10276000,1229900
0,22,70,2024-11-13,2024-11-22,2,11,75,77,22000,1694000,961200
0,22,70,2024-11-13,2024-11-22,2,21,290,281,22000,6182000,961200
0,22,70,2024-11-13,2024-11-22,2,22,65,62,28000,1736000,961200
9,23,138,2024-12-11,2024-11-20,1,11,500,621,22000,13662000,20742000
9,23,138,2024-12-11,2024-11-20,1,3,18600,18804,9500,178638000,20742000
9,23,138,2024-12-11,2024-11-20,1,18,1000,1113,8500,9460500,20742000
9,23,138,2024-12-11,2024-11-20,1,16,150,185,7000,1295000,20742000
9,23,138,2024-12-11,2024-11-20,1,10,30,55,17000,935000,20742000
9,23,138,2024-12-11,2024-11-20,1,9,300,361,9500,3429500,20742000
9,0,145,2024-12-11,2024-11-20,1,3,32000,32416,9500,307952000,32479400
9,0,145,2024-12-11,2024-11-20,1,11,500,613,22000,13486000,32479400
9,0,145,2024-12-11,2024-11-20,1,16,100,174,7000,1218000,32479400
9,0,145,2024-12-11,2024-11-20,1,10,30,74,17000,1258000,32479400
9,0,145,2024-12-11,2024-11-20,1,17,30,40,22000,880000,32479400
9,17,173,2024-12-11,2024-11-20,1,11,1000,1116,22000,24552000,24700250
9,17,173,2024-12-11,2024-11-20,1,3,22700,23235,9500,220732500,24700250
9,17,173,2024-12-11,2024-11-20,1,16,50,73,7000,511000,24700250
9,17,173,2024-12-11,2024-11-20,1,10,40,71,17000,1207000,24700250
9,19,181,2024-10-31,2024-08-11,1,3,30000,30420,9500,288990000,34561200
9,19,181,2024-10-31,2024-08-11,1,11,1000,1151,22000,25322000,34561200
9,19,181,2024-10-31,2024-08-11,1,21,1000,1058,22000,23276000,34561200
9,19,181,2024-10-31,2024-08-11,1,9,200,238,9500,2261000,34561200
9,19,181,2024-10-31,2024-08-11,1,10,300,339,17000,5763000,34561200
9,0,145,2024-10-31,2024-08-11,1,3,32000,32517,9500,308911500,36778400
9,0,145,2024-10-31,2024-08-11,1,11,500,655,22000,14410000,36778400
9,0,145,2024-10-31,2024-08-11,1,21,1500,1562,22000,34364000,36778400
9,0,145,2024-10-31,2024-08-11,1,9,300,359,9500,3410500,36778400
9,0,145,2024-10-31,2024-08-11,1,16,200,239,7000,1673000,36778400
9,0,145,2024-10-31,2024-08-11,1,10,250,295,17000,5015000,36778400
0,22,70,2024-10-31,2024-08-11,2,0,2000,2355,18000,42390000,11081290
0,22,70,2024-10-31,2024-08-11,2,7,250,303,22500,6817500,11081290
0,22,70,2024-10-31,2024-08-11,2,3,250,393,9500,3733500,11081290
0,22,70,2024-10-31,2024-08-11,2,17,300,375,22000,8250000,11081290
0,22,70,2024-10-31,2024-08-11,2,2,150,263,20600,5417800,11081290
0,22,70,2024-10-31,2024-08-11,2,13,150,336,11800,3964800,11081290
0,22,70,2024-10-31,2024-08-11,2,14,1600,1674,21100,35321400,11081290
0,22,70,2024-10-31,2024-08-11,2,4,270,291,16900,4917900,11081290
5,21,58,2024-10-31,2024-08-11,2,0,2025,2226,18000,40068000,4861240
5,21,58,2024-10-31,2024-08-11,2,4,375,391,16900,6607900,4861240
5,21,58,2024-10-31,2024-08-11,2,3,200,211,9500,2004500,4861240
5,21,58,2024-10-31,2024-08-11,2,2,200,206,20600,4243600,4861240
5,21,58,2024-10-31,2024-08-11,2,7,300,397,22500,8932500,4861240
5,21,58,2024-10-31,2024-08-11,2,14,1170,1187,21100,25045700,4861240
5,21,58,2024-10-31,2024-08-11,2,13,150,157,11800,1852600,4861240
5,21,58,2024-10-31,2024-08-11,2,17,300,385,22000,8470000,4861240
9,19,181,2024-12-11,2024-11-24,1,11,1500,1620,22000,35640000,31466800
9,19,181,2024-12-11,2024-11-24,1,3,28000,28278,9500,268641000,31466800
9,19,181,2024-12-11,2024-11-24,1,18,1000,1222,8500,10387000,31466800
11,5,138,2024-12-11,2024-11-24,0,3,28000,28166,9500,267577000,31232550
11,5,138,2024-12-11,2024-11-24,0,11,1500,1655,22000,36410000,31232550
11,5,138,2024-12-11,2024-11-24,0,9,100,231,9500,2194500,31232550
11,5,138,2024-12-11,2024-11-24,0,16,50,52,7000,364000,31232550
11,5,138,2024-12-11,2024-11-24,0,18,500,618,8500,5253000,31232550
11,5,138,2024-12-11,2024-11-24,0,10,20,31,17000,527000,31232550
1,6,149,2024-12-11,2024-11-24,0,11,2500,2618,22000,57596000,37670450
1,6,149,2024-12-11,2024-11-24,0,3,32000,32986,9500,313367000,37670450
1,6,149,2024-12-11,2024-11-24,0,16,100,123,7000,861000,37670450
1,6,149,2024-12-11,2024-11-24,0,10,30,42,17000,714000,37670450
1,6,149,2024-12-11,2024-11-24,0,9,200,231,9500,2194500,37670450
1,6,149,2024-12-11,2024-11-24,0,18,200,232,8500,1972000,37670450
6,3,126,2024-12-11,2024-11-24,1,11,2500,2511,22000,55242000,41105000
6,3,126,2024-12-11,2024-11-24,1,3,35000,36182,9500,343729000,41105000
6,3,126,2024-12-11,2024-11-24,1,16,100,100,7000,700000,41105000
6,3,126,2024-12-11,2024-11-24,1,10,50,50,17000,850000,41105000
6,3,126,2024-12-11,2024-11-24,1,9,200,210,9500,1995000,41105000
6,3,126,2024-12-11,2024-11-24,1,18,1000,1004,8500,8534000,41105000
5,20,129,2024-12-11,2024-11-24,0,3,11000,10993,9500,104433500,12050150
5,20,129,2024-12-11,2024-11-24,0,11,500,584,22000,12848000,12050150
5,20,129,2024-12-11,2024-11-24,0,9,100,177,9500,1681500,12050150
5,20,129,2024-12-11,2024-11-24,0,18,100,181,8500,1538500,12050150
3,1,183,2024-12-11,2024-11-24,1,11,2500,2558,22000,56276000,43323750
3,1,183,2024-12-11,2024-11-24,1,3,38000,38256,9500,363432000,43323750
3,1,183,2024-12-11,2024-11-24,1,16,100,128,7000,896000,43323750
3,1,183,2024-12-11,2024-11-24,1,10,50,61,17000,1037000,43323750
3,1,183,2024-12-11,2024-11-24,1,9,200,215,9500,2042500,43323750
3,1,183,2024-12-11,2024-11-24,1,18,1000,1124,8500,9554000,43323750
5,20,129,2024-04-20,2024-08-24,0,21,600,640,22000,14080000,48764500
5,20,129,2024-04-20,2024-08-24,0,11,1200,2566,22000,56452000,48764500
5,20,129,2024-04-20,2024-08-24,0,3,38750,43089,9500,409345500,48764500
5,20,129,2024-04-20,2024-08-24,0,9,500,625,9500,5937500,48764500
5,20,129,2024-04-20,2024-08-24,0,10,45,50,17000,850000,48764500
5,20,129,2024-04-20,2024-08-24,0,16,139,140,7000,980000,48764500
6,4,188,2024-08-20,2024-08-30,0,21,300,331,22000,7282000,63912100
6,4,188,2024-08-20,2024-08-30,0,11,4325,4358,22000,95876000,63912100
6,4,188,2024-08-20,2024-08-30,0,3,52190,52577,9500,499481500,63912100
6,4,188,2024-08-20,2024-08-30,0,16,320,353,7000,2471000,63912100
6,4,188,2024-08-20,2024-08-30,0,10,230,237,17000,4029000,63912100
6,4,188,2024-08-20,2024-08-30,0,9,500,512,9500,4864000,63912100
6,4,188,2024-08-20,2024-08-30,0,18,2950,2955,8500,25117500,63912100
11,10,134,2024-08-20,2024-08-30,0,21,180,198,22000,4356000,24315100
11,10,134,2024-08-20,2024-08-30,0,11,2425,2439,22000,53658000,24315100
11,10,134,2024-08-20,2024-08-30,0,3,17550,17896,9500,170012000,24315100
11,10,134,2024-08-20,2024-08-30,0,16,100,118,7000,826000,24315100
11,10,134,2024-08-20,2024-08-30,0,10,80,83,17000,1411000,24315100
11,10,134,2024-08-20,2024-08-30,0,9,120,138,9500,1311000,24315100
11,10,134,2024-08-20,2024-08-30,0,18,1350,1362,8500,11577000,24315100
5,9,134,2024-08-15,2024-08-27,0,3,31500,32283,9500,306688500,35554450
5,9,134,2024-08-15,2024-08-27,0,11,1000,1112,22000,24464000,35554450
5,9,134,2024-08-15,2024-08-27,0,9,500,521,9500,4949500,35554450
5,9,134,2024-08-15,2024-08-27,0,18,2000,2121,8500,18028500,35554450
5,9,134,2024-08-15,2024-08-27,0,16,200,202,7000,1414000,35554450
6,3,126,2024-08-15,2024-08-27,1,11,1000,1058,22000,23276000,25421950
6,3,126,2024-08-15,2024-08-27,1,3,21900,21982,9500,208829000,25421950
6,3,126,2024-08-15,2024-08-27,1,16,100,142,7000,994000,25421950
6,3,126,2024-08-15,2024-08-27,1,9,500,712,9500,6764000,25421950
6,3,126,2024-08-15,2024-08-27,1,18,1500,1689,8500,14356500,25421950
6,15,198,2024-08-15,2024-08-27,0,3,40000,42703,9500,405678500,47877150
6,15,198,2024-08-15,2024-08-27,0,11,1500,1552,22000,34144000,47877150
6,15,198,2024-08-15,2024-08-27,0,9,1500,1582,9500,15029000,47877150
6,15,198,2024-08-15,2024-08-27,0,18,2500,2558,8500,21743000,47877150
6,15,198,2024-08-15,2024-08-27,0,16,300,311,7000,2177000,47877150
11,5,138,2024-08-15,2024-08-27,0,3,37300,37803,9500,359128500,43314350
11,5,138,2024-08-15,2024-08-27,0,11,1500,1615,22000,35530000,43314350
11,5,138,2024-08-15,2024-08-27,0,9,1000,1112,9500,10564000,43314350
11,5,138,2024-08-15,2024-08-27,0,18,3000,3102,8500,26367000,43314350
11,5,138,2024-08-15,2024-08-27,0,16,200,222,7000,1554000,43314350
3,1,183,2024-08-15,2024-08-27,0,3,34000,34240,9500,325280000,40998300
3,1,183,2024-08-15,2024-08-27,0,11,2000,2236,22000,49192000,40998300
3,1,183,2024-08-15,2024-08-27,0,18,2000,2224,8500,18904000,40998300
3,1,183,2024-08-15,2024-08-27,0,9,1500,1516,9500,14402000,40998300
3,1,183,2024-08-15,2024-08-27,0,16,300,315,7000,2205000,40998300
5,9,134,2024-07-31,2024-08-13,0,11,3500,3303,22000,72666000,31725150
5,9,134,2024-07-31,2024-08-13,0,3,20600,21214,9500,201533000,31725150
5,9,134,2024-07-31,2024-08-13,0,19,2500,3205,8500,27242500,31725150
5,9,134,2024-07-31,2024-08-13,0,16,250,263,7000,1841000,31725150
5,9,134,2024-07-31,2024-08-13,0,10,150,169,17000,2873000,31725150
5,9,134,2024-07-31,2024-08-13,0,9,600,684,9500,6498000,31725150
5,9,134,2024-07-31,2024-08-13,0,21,210,209,22000,4598000,31725150
5,24,133,2024-07-31,2024-08-13,1,3,40500,40810,9500,387695000,63475350
5,24,133,2024-07-31,2024-08-13,1,11,5500,5612,22000,123464000,63475350
5,24,133,2024-07-31,2024-08-13,1,21,3500,3703,22000,81466000,63475350
5,24,133,2024-07-31,2024-08-13,1,19,2870,2709,8500,23026500,63475350
5,24,133,2024-07-31,2024-08-13,1,16,1300,1398,7000,9786000,63475350
5,24,133,2024-07-31,2024-08-13,1,10,500,548,17000,9316000,63475350
3,1,183,2024-07-26,2024-10-08,1,3,43000,43607,9500,414266500,53485600
3,1,183,2024-07-26,2024-10-08,1,21,3000,3022,22000,66484000,53485600
3,1,183,2024-07-26,2024-10-08,1,18,5500,5534,8500,47039000,53485600
3,1,183,2024-07-26,2024-10-08,1,9,500,581,9500,5519500,53485600
3,1,183,2024-07-26,2024-10-08,1,16,200,221,7000,1547000,53485600
11,5,138,2024-07-26,2024-10-08,0,3,13000,13539,9500,128620500,16358200
11,5,138,2024-07-26,2024-10-08,0,21,1000,1023,22000,22506000,16358200
11,5,138,2024-07-26,2024-10-08,0,9,200,239,9500,2270500,16358200
11,5,138,2024-07-26,2024-10-08,0,19,1000,1092,8500,9282000,16358200
11,5,138,2024-07-26,2024-10-08,0,16,100,129,7000,903000,16358200
6,2,126,2024-07-26,2024-10-08,1,3,28000,28155,9500,267472500,33890200
6,2,126,2024-07-26,2024-10-08,1,21,1500,1724,22000,37928000,33890200
6,2,126,2024-07-26,2024-10-08,1,9,500,613,9500,5823500,33890200
6,2,126,2024-07-26,2024-10-08,1,19,3000,3066,8500,26061000,33890200
6,2,126,2024-07-26,2024-10-08,1,16,200,231,7000,1617000,33890200
6,15,198,2024-07-26,2024-10-08,0,3,51500,51695,9500,491102500,61383650
6,15,198,2024-07-26,2024-10-08,0,21,2800,2863,22000,62986000,61383650
6,15,198,2024-07-26,2024-10-08,0,9,400,534,9500,5073000,61383650
6,15,198,2024-07-26,2024-10-08,0,19,6000,6154,8500,52309000,61383650
6,15,198,2024-07-26,2024-10-08,0,16,300,338,7000,2366000,61383650
5,20,129,2024-07-26,2024-10-08,0,3,27000,27285,9500,259207500,33374950
5,20,129,2024-07-26,2024-10-08,0,21,2000,2122,22000,46684000,33374950
5,20,129,2024-07-26,2024-10-08,0,9,300,371,9500,3524500,33374950
5,20,129,2024-07-26,2024-10-08,0,19,2500,2759,8500,23451500,33374950
5,20,129,2024-07-26,2024-10-08,0,16,100,126,7000,882000,33374950
11,10,134,2024-04-09,2024-09-14,0,21,225,246,22000,5412000,27796300
11,10,134,2024-04-09,2024-09-14,0,11,900,928,22000,20416000,27796300
11,10,134,2024-04-09,2024-09-14,0,3,25750,26031,9500,247294500,27796300
11,10,134,2024-04-09,2024-09-14,0,16,250,283,7000,1981000,27796300
11,10,134,2024-04-09,2024-09-14,0,9,250,301,9500,2859500,27796300
6,3,126,2024-04-09,2024-09-14,1,21,225,243,22000,5346000,55282000
6,3,126,2024-04-09,2024-09-14,1,11,2100,2272,22000,49984000,55282000
6,3,126,2024-04-09,2024-09-14,1,3,48400,49056,9500,466032000,55282000
6,3,126,2024-04-09,2024-09-14,1,18,2700,2758,8500,23443000,55282000
6,3,126,2024-04-09,2024-09-14,1,16,250,261,7000,1827000,55282000
6,3,126,2024-04-09,2024-09-14,1,10,200,212,17000,3604000,55282000
6,3,126,2024-04-09,2024-09-14,1,9,250,272,9500,2584000,55282000
6,4,188,2024-09-20,2024-09-29,0,3,68500,68625,9500,651937500,80746450
6,4,188,2024-09-20,2024-09-29,0,16,350,390,7000,2730000,80746450
6,4,188,2024-09-20,2024-09-29,0,10,500,506,17000,8602000,80746450
6,4,188,2024-09-20,2024-09-29,0,9,200,388,9500,3686000,80746450
6,4,188,2024-09-20,2024-09-29,0,5,70,85,7800,663000,80746450
6,4,188,2024-09-20,2024-09-29,0,18,10000,10044,8500,85374000,80746450
6,4,188,2024-09-20,2024-09-29,0,11,2000,2476,22000,54472000,80746450
5,9,134,2024-04-09,2024-09-18,0,3,30000,30611,9500,290804500,35508950
5,9,134,2024-04-09,2024-09-18,0,18,300,351,8500,2983500,35508950
5,9,134,2024-04-09,2024-09-18,0,9,100,159,9500,1510500,35508950
5,9,134,2024-04-09,2024-09-18,0,21,2500,2666,22000,58652000,35508950
5,9,134,2024-04-09,2024-09-18,0,10,50,67,17000,1139000,35508950
11,5,138,2024-04-09,2024-09-18,0,3,32000,32475,9500,308512500,36202150
11,5,138,2024-04-09,2024-09-18,0,18,500,529,8500,4496500,36202150
11,5,138,2024-04-09,2024-09-18,0,9,150,165,9500,1567500,36202150
11,5,138,2024-04-09,2024-09-18,0,21,2000,2111,22000,46442000,36202150
11,5,138,2024-04-09,2024-09-18,0,10,50,59,17000,1003000,36202150
6,15,198,2024-04-09,2024-09-18,0,3,39000,39344,9500,373768000,45541100
6,15,198,2024-04-09,2024-09-18,0,11,354,320,22000,7040000,45541100
6,15,198,2024-04-09,2024-09-18,0,21,3000,3112,22000,68464000,45541100
6,15,198,2024-04-09,2024-09-18,0,16,100,146,7000,1022000,45541100
6,15,198,2024-04-09,2024-09-18,0,18,600,602,8500,5117000,45541100
5,24,133,2024-04-09,2024-09-18,1,3,45000,45596,9500,433162000,49808850
5,24,133,2024-04-09,2024-09-18,1,18,500,613,8500,5210500,49808850
5,24,133,2024-04-09,2024-09-18,1,16,100,105,7000,735000,49808850
5,24,133,2024-04-09,2024-09-18,1,9,150,162,9500,1539000,49808850
5,24,133,2024-04-09,2024-09-18,1,11,2500,2611,22000,57442000,49808850
3,1,183,2024-04-09,2024-09-18,1,3,24200,24820,9500,235790000,27016500
3,1,183,2024-04-09,2024-09-18,1,18,500,616,8500,5236000,27016500
3,1,183,2024-04-09,2024-09-18,1,16,200,231,7000,1617000,27016500
3,1,183,2024-04-09,2024-09-18,1,21,1500,1251,22000,27522000,27016500
11,10,134,2024-02-07,2024-09-25,0,11,1015,1294,22000,28468000,36172650
11,10,134,2024-02-07,2024-09-25,0,3,29875,34133,9500,324263500,36172650
11,10,134,2024-02-07,2024-09-25,0,9,592,608,9500,5776000,36172650
11,10,134,2024-02-07,2024-09-25,0,16,67,58,7000,406000,36172650
11,10,134,2024-02-07,2024-09-25,0,10,30,27,17000,459000,36172650
11,10,134,2024-02-07,2024-09-25,0,21,115,107,22000,2354000,36172650
6,3,126,2024-06-23,2024-10-20,1,11,400,515,22000,11330000,40050450
6,3,126,2024-06-23,2024-10-20,1,3,40250,40553,9500,385253500,40050450
6,3,126,2024-06-23,2024-10-20,1,16,150,229,7000,1603000,40050450
6,3,126,2024-06-23,2024-10-20,1,9,200,244,9500,2318000,40050450
6,4,188,2024-01-08,2024-10-17,0,21,500,745,22000,16390000,100615100
6,4,188,2024-01-08,2024-10-17,0,11,2000,2187,22000,48114000,100615100
6,4,188,2024-01-08,2024-10-17,0,3,95400,95970,9500,911715000,100615100
6,4,188,2024-01-08,2024-10-17,0,18,1500,2083,8500,17705500,100615100
6,4,188,2024-01-08,2024-10-17,0,10,100,152,17000,2584000,100615100
6,4,188,2024-01-08,2024-10-17,0,9,500,1015,9500,9642500,100615100
0,22,70,2024-09-27,2024-11-10,2,11,50,52,22000,1144000,6627160
0,22,70,2024-09-27,2024-11-10,2,21,200,234,22000,5148000,6627160
0,22,70,2024-09-27,2024-11-10,2,22,1200,1256,28000,35168000,6627160
0,22,70,2024-09-27,2024-11-10,2,8,30,28,11800,330400,6627160
0,22,70,2024-09-27,2024-11-10,2,0,530,508,18000,9144000,6627160
0,22,70,2024-09-27,2024-11-10,2,7,30,22,22500,495000,6627160
0,22,70,2024-09-27,2024-11-10,2,14,405,273,21100,5760300,6627160
0,22,70,2024-09-27,2024-11-10,2,17,160,95,22000,2090000,6627160
0,22,70,2024-09-27,2024-11-10,2,6,25,22,11500,253000,6627160
0,22,70,2024-09-27,2024-11-10,2,13,200,237,12000,2844000,6627160
0,22,70,2024-09-27,2024-11-10,2,3,76,77,9500,731500,6627160
0,22,70,2024-09-27,2024-11-10,2,1,35,17,20200,343400,6627160
0,22,70,2024-09-27,2024-11-10,2,15,115,141,20000,2820000,6627160
5,21,58,2024-09-27,2024-11-10,2,11,60,64,22000,1408000,567600
5,21,58,2024-09-27,2024-11-10,2,21,120,158,22000,3476000,567600
5,21,58,2024-09-27,2024-11-10,2,22,180,231,28000,6468000,567600
0,22,70,2024-04-10,2024-10-15,2,11,100,111,22000,2442000,1702600
0,22,70,2024-04-10,2024-10-15,2,21,276,262,22000,5764000,1702600
0,22,70,2024-04-10,2024-10-15,2,22,338,315,28000,8820000,1702600
7,8,196,2024-08-29,2024-01-10,0,3,101000,103858,9500,986651000,120439350
7,8,196,2024-08-29,2024-01-10,0,11,3800,4477,22000,98494000,120439350
7,8,196,2024-08-29,2024-01-10,0,21,3200,3504,22000,77088000,120439350
7,8,196,2024-08-29,2024-01-10,0,18,2500,3567,8500,30319500,120439350
7,8,196,2024-08-29,2024-01-10,0,9,500,822,9500,7809000,120439350
7,8,196,2024-08-29,2024-01-10,0,16,300,576,7000,4032000,120439350
10,12,198,2024-08-29,2024-01-10,0,3,98000,101392,9500,963224000,121015900
10,12,198,2024-08-29,2024-01-10,0,18,2000,3377,8500,28704500,121015900
10,12,198,2024-08-29,2024-01-10,0,16,500,681,7000,4767000,121015900
10,12,198,2024-08-29,2024-01-10,0,9,500,1285,9500,12207500,121015900
10,12,198,2024-08-29,2024-01-10,0,11,9000,9148,22000,201256000,121015900
10,16,95,2024-08-29,2024-01-10,1,11,1000,1183,22000,26026000,14424200
10,16,95,2024-08-29,2024-01-10,1,3,11000,11451,9500,108784500,14424200
10,16,95,2024-08-29,2024-01-10,1,16,210,235,7000,1645000,14424200
10,16,95,2024-08-29,2024-01-10,1,9,225,281,9500,2669500,14424200
10,16,95,2024-08-29,2024-01-10,1,18,500,602,8500,5117000,14424200
5,24,133,2024-04-10,2024-10-14,1,21,100,119,22000,2618000,29237050
5,24,133,2024-04-10,2024-10-14,1,11,1300,1312,22000,28864000,29237050
5,24,133,2024-04-10,2024-10-14,1,3,26200,26309,9500,249935500,29237050
5,24,133,2024-04-10,2024-10-14,1,16,200,209,7000,1463000,29237050
5,24,133,2024-04-10,2024-10-14,1,9,200,225,9500,2137500,29237050
5,24,133,2024-04-10,2024-10-14,1,18,500,865,8500,7352500,29237050
5,9,134,2024-04-10,2024-10-14,0,21,150,163,22000,3586000,27935800
5,9,134,2024-04-10,2024-10-14,0,11,1700,1832,22000,40304000,27935800
5,9,134,2024-04-10,2024-10-14,0,3,23700,23981,9500,227819500,27935800
5,9,134,2024-04-10,2024-10-14,0,16,200,165,7000,1155000,27935800
5,9,134,2024-04-10,2024-10-14,0,10,100,115,17000,1955000,27935800
5,9,134,2024-04-10,2024-10-14,0,9,250,263,9500,2498500,27935800
5,9,134,2024-04-10,2024-10-14,0,18,100,240,8500,2040000,27935800
11,5,138,2024-04-10,2024-10-14,0,3,22600,23020,9500,218690000,30588250
11,5,138,2024-04-10,2024-10-14,0,11,2400,2525,22000,55550000,30588250
11,5,138,2024-04-10,2024-10-14,0,18,1700,1935,8500,16447500,30588250
11,5,138,2024-04-10,2024-10-14,0,21,100,200,22000,4400000,30588250
11,5,138,2024-04-10,2024-10-14,0,10,600,635,17000,10795000,30588250
6,15,198,2024-06-27,2024-07-10,0,11,7100,8336,22000,183392000,116454700
6,15,198,2024-06-27,2024-07-10,0,3,85400,95448,9500,906756000,116454700
6,15,198,2024-06-27,2024-07-10,0,18,2500,3259,8500,27701500,116454700
6,15,198,2024-06-27,2024-07-10,0,16,555,542,7000,3794000,116454700
6,15,198,2024-06-27,2024-07-10,0,10,98,82,17000,1394000,116454700
6,15,198,2024-06-27,2024-07-10,0,21,935,926,22000,20372000,116454700
6,15,198,2024-06-27,2024-07-10,0,9,2000,2225,9500,21137500,116454700
5,9,134,2024-10-17,2024-10-27,0,21,250,317,22000,6974000,27021500
5,9,134,2024-10-17,2024-10-27,0,11,750,770,22000,16940000,27021500
5,9,134,2024-10-17,2024-10-27,0,3,24400,24763,9500,235248500,27021500
5,9,134,2024-10-17,2024-10-27,0,18,900,924,8500,7854000,27021500
5,9,134,2024-10-17,2024-10-27,0,16,120,131,7000,917000,27021500
5,9,134,2024-10-17,2024-10-27,0,10,50,61,17000,1037000,27021500
5,9,134,2024-10-17,2024-10-27,0,9,100,131,9500,1244500,27021500
5,20,129,2024-10-17,2024-10-27,0,21,200,221,22000,4862000,10677050
5,20,129,2024-10-17,2024-10-27,0,11,150,164,22000,3608000,10677050
5,20,129,2024-10-17,2024-10-27,0,3,9600,9687,9500,92026500,10677050
5,20,129,2024-10-17,2024-10-27,0,18,300,529,8500,4496500,10677050
5,20,129,2024-10-17,2024-10-27,0,16,30,36,7000,252000,10677050
5,20,129,2024-10-17,2024-10-27,0,10,50,59,17000,1003000,10677050
5,20,129,2024-10-17,2024-10-27,0,9,50,55,9500,522500,10677050
5,24,133,2024-10-17,2024-10-27,1,21,350,362,22000,7964000,37574400
5,24,133,2024-10-17,2024-10-27,1,11,300,340,22000,7480000,37574400
5,24,133,2024-10-17,2024-10-27,1,3,35500,35959,9500,341610500,37574400
5,24,133,2024-10-17,2024-10-27,1,18,1500,1642,8500,13957000,37574400
5,24,133,2024-10-17,2024-10-27,1,16,150,157,7000,1099000,37574400
5,24,133,2024-10-17,2024-10-27,1,10,100,107,17000,1819000,37574400
5,24,133,2024-10-17,2024-10-27,1,9,150,191,9500,1814500,37574400
